{"data":{"Year":[2010,2011,2012,2013,2014,2015,2016,2017,2018,2019,2020,2021,2022],"Value":[0.0,0.025310608,0.094804537,0.161015124,0.0,0.0,0.006288896,0.06249741,0.026446263,0.008678525,0.014709337,0.011840285,0.007180985]},"edges":[]}