Year,Value
2010,0
2011,0.025310608
2012,0.094804537
2013,0.161015124
2014,0
2015,0
2016,0.006288896
2017,0.06249741
2018,0.026446263
2019,0.008678525
2020,0.014709337
2021,0.011840285
2022,0.007180985
